"id","user_id","address","is_business_hour","is_crowd","created_at","updated_at","latitude","longitude","genre"
114,0,"東京都千代田区丸の内2-4-1 丸の内ビルディング 6F",NULL,1,"2016-10-28 17:07:20","2016-11-04 18:43:21",35.6839,139.767,"魚介料理・海鮮料理"
115,0,"東京都中央区銀座西2-2 銀座インズ2 2Ｆ",NULL,1,"2016-10-28 17:07:22","2016-11-04 18:27:15",35.6748,139.766,"割烹・小料理"
116,0,"東京都中央区日本橋1-4-1 コレド日本橋 4F",NULL,1,"2016-10-28 17:07:28","2016-11-04 18:46:53",35.6829,139.775,"タイ料理"
117,0,"東京都中央区銀座1-2-3",NULL,0,"2016-10-28 17:07:31","2016-11-04 18:30:32",35.6751,139.768,"寿司"
118,0,"東京都中央区八重洲1-6-16 H.T八重洲ビル 1～3F",NULL,1,"2016-10-28 17:07:36","2016-11-04 18:17:47",35.6813,139.77,"居酒屋"
119,0,"東京都中央区京橋2-7-14 ビュレックス京橋 1F",NULL,1,"2016-10-28 17:07:40","2016-11-04 18:15:57",35.6769,139.771,"豚しゃぶ"
120,0,"東京都千代田区丸の内1-9-1 グランルーフフロント B1F",NULL,1,"2016-10-28 17:07:43","2016-11-04 18:15:30",35.6818,139.767,"バル・バール"
121,0,"東京都千代田区丸の内1-5-1 新丸の内ビルディング 5F",NULL,1,"2016-10-28 17:07:47","2016-11-04 18:51:33",35.6773,139.765,"イタリアン"
122,0,"東京都中央区銀座2-5-19 PUZZLE銀座 8F",NULL,1,"2016-10-28 17:07:50","2016-11-04 18:09:55",35.6721,139.771,"焼肉"
123,0,"東京都中央区銀座2-4-6 銀座ベルビア館 8F",NULL,1,"2016-10-28 17:07:55","2016-11-04 18:37:52",35.6721,139.771,"フレンチ"
124,0,"東京都中央区銀座2-2-14 マロニエゲート 10Ｆ",NULL,1,"2016-10-28 17:07:58","2016-11-04 18:48:27",35.6744,139.765,"タイ料理"
125,0,"東京都中央区日本橋3-2-16 マスヤビル 7F",NULL,1,"2016-10-28 17:08:02","2016-11-04 18:14:40",35.6806,139.771,"居酒屋"
126,0,"東京都中央区銀座2-2-14 マロニエゲート 12Ｆ",NULL,1,"2016-10-28 17:08:05","2016-11-04 18:15:06",35.6744,139.765,"しゃぶしゃぶ"
127,0,"東京都中央区日本橋1-6-7 関谷ビル3F",NULL,0,"2016-10-28 17:08:09","2016-11-04 18:15:49",35.6827,139.775,"居酒屋"
128,0,"東京都千代田区大手町1-5-1 大手町ファーストクスエア",NULL,1,"2016-10-28 17:08:14","2016-11-04 18:11:23",35.6859,139.764,"ビストロ"
129,0,"東京都千代田区丸の内2-7-2 JPタワー 6F",NULL,1,"2016-10-28 17:08:17","2016-11-04 18:39:20",35.6832,139.77,"魚介料理・海鮮料理"
130,0,"東京都千代田区丸の内1-8-2 鉄鋼ビル南館 B1F",NULL,1,"2016-10-28 17:08:23","2016-11-04 18:16:54",35.6823,139.77,"居酒屋"
131,0,"東京都中央区八重洲1-5-10 RISM 八重洲 B1・1F・中2F",NULL,1,"2016-10-28 17:08:27","2016-11-04 18:09:20",35.6817,139.77,"居酒屋"
132,0,"東京都中央区銀座1-8-19 キラリト ギンザ B1F",NULL,0,"2016-10-28 17:08:33","2016-11-04 18:12:45",35.6743,139.769,"ビストロ"
133,0,"東京都千代田区丸の内2-4-1 丸の内ビルディング 36F",NULL,1,"2016-10-28 17:08:50","2016-11-04 18:51:41",35.6839,139.767,"割烹・小料理"
134,0,"東京都中央区八重洲2-6-4 松岡ビル 1F",NULL,1,"2016-10-28 17:08:55","2016-11-04 18:12:26",35.6778,139.768,"イタリアン"
135,0,"東京都千代田区丸の内1-8-2 鉄鋼ビル B1F",NULL,1,"2016-10-28 17:09:00","2016-11-04 18:15:42",35.6773,139.765,"寿司"
136,0,"東京都中央区八重洲1-8-9 一六堂ビル １Ｆ・２Ｆ",NULL,0,"2016-10-28 17:09:04","2016-11-04 18:14:14",35.6794,139.77,"居酒屋"
137,0,"東京都中央区銀座2-4-6 銀座ベルビア館 a館 7F",NULL,1,"2016-10-28 17:09:14","2016-11-04 18:47:41",35.6721,139.771,"タイカレー"
138,0,"東京都中央区日本橋2-7-1 東京日本橋タワー B1F",NULL,1,"2016-10-28 17:09:19","2016-11-04 18:10:40",35.6804,139.772,"フレンチ"
139,0,"東京都千代田区丸の内3-3-1 新東京ビル B1F",NULL,1,"2016-10-28 17:18:08","2016-11-04 18:41:15",35.6774,139.763,"西洋各国料理（その他）"
140,0,"東京都中央区日本橋1-2-10 一東洋ビル B1F",NULL,1,"2016-10-28 17:18:24","2016-11-04 18:10:02",35.6833,139.774,"居酒屋"
141,0,"東京都千代田区丸の内3-1-1 帝劇ビル B2F",NULL,1,"2016-10-28 17:19:47","2016-11-04 18:30:02",35.6767,139.761,"ブラジル料理"
142,0,"東京都千代田区大手町2-5-12 1F",NULL,1,"2016-10-28 17:19:52","2016-11-04 18:20:46",35.686,139.768,"居酒屋"
143,0,"東京都中央区八重洲1-8-7 第１０７ビル ６Ｆ",NULL,0,"2016-10-28 17:19:57","2016-11-04 18:13:39",35.6805,139.771,"居酒屋"
144,0,"東京都中央区京橋3-1 東京スクエアガーデン",NULL,1,"2016-10-28 17:20:01","2016-11-04 18:08:37",35.676,139.769,"ステーキ"
145,0,"東京都中央区日本橋2-2-15 日本橋テイトビル 3F",NULL,1,"2016-10-28 17:20:06","2016-11-04 18:18:49",35.6804,139.772,"居酒屋"
146,0,"東京都千代田区丸の内1-6-4 丸の内オアゾ 5F",NULL,1,"2016-10-28 17:20:09","2016-11-04 18:17:00",35.6835,139.767,"イタリアン"
147,0,"東京都千代田区丸の内2-7-2 KITTE 5F",NULL,1,"2016-10-28 17:20:13","2016-11-04 18:27:44",35.6798,139.765,"お好み焼き"
148,0,"東京都千代田区丸の内2-1-1 丸の内マイプラザ B2F",NULL,1,"2016-10-28 17:20:16","2016-11-04 18:46:46",35.6792,139.762,"インド料理"
149,0,"東京都中央区銀座2-5-19 PUZZLE銀座 5F",NULL,1,"2016-10-28 17:20:20","2016-11-04 18:16:18",35.6721,139.771,"郷土料理（その他）"
150,0,"東京都千代田区丸の内2-2-3 丸の内仲通りビル 1F",NULL,1,"2016-10-28 17:20:27","2016-11-04 18:14:20",35.6773,139.765,"ビストロ"
151,0,"東京都千代田区丸の内2-7-3 東京ビルTOKIA 2Ｆ",NULL,1,"2016-10-28 17:20:32","2016-11-04 18:41:40",35.6786,139.765,"フレンチ"
152,0,"東京都千代田区丸の内2-7-3 東京ビルTOKIA 1F",NULL,1,"2016-10-28 17:20:35","2016-11-04 18:11:34",35.6786,139.765,"ダイニングバー"
153,0,"東京都中央区銀座1-8-19 キラリト ギンザB1F",NULL,1,"2016-10-28 17:20:51","2016-11-04 18:13:31",35.6743,139.769,"イタリアン"
154,0,"東京都中央区京橋2-6-6 JBSビル 1F",NULL,0,"2016-10-28 17:20:54","2016-11-04 18:12:17",35.6766,139.771,"懐石・会席料理"
155,0,"東京都千代田区大手町1-5-1 大手町ファーストクスエア B1F",NULL,1,"2016-10-28 17:21:00","2016-11-04 18:40:29",35.6859,139.764,"懐石・会席料理"
156,0,"東京都千代田区丸の内1-1-1 パレスビル B1F",NULL,1,"2016-10-28 17:21:03","2016-11-04 18:44:12",35.6852,139.762,"魚介料理・海鮮料理"
157,0,"東京都中央区銀座西2-2 銀座インズ2 B1F",NULL,1,"2016-10-28 17:21:15","2016-11-04 18:08:23",35.6748,139.766,"郷土料理（その他）"
158,0,"東京都千代田区丸の内2-4-1 丸の内ビルディング 5F",NULL,1,"2016-10-28 17:21:19","2016-11-04 18:23:08",35.6839,139.767,"フレンチ"
159,0,"東京都千代田区丸の内1-9-1 大丸東京店 12F",NULL,1,"2016-10-28 17:21:26","2016-11-04 18:48:43",35.6818,139.767,"鉄板焼き"
160,0,"東京都千代田区丸の内1-9-1 東京駅八重洲北口黒塀横丁 B1F",NULL,1,"2016-10-28 17:21:32","2016-11-04 18:17:27",35.6818,139.767,"すき焼き"
161,0,"東京都中央区八重洲1-7-5 太田紙興八重洲ビル １Ｆ",NULL,1,"2016-10-28 17:21:41","2016-11-04 18:13:08",35.6809,139.77,"居酒屋"
162,0,"東京都中央区八重洲1-8-11 八重洲田中ビル 3F",NULL,1,"2016-10-28 17:21:50","2016-11-04 18:16:46",35.6804,139.77,"居酒屋"
163,0,"東京都中央区銀座2-3-4",NULL,1,"2016-10-28 17:21:55","2016-11-04 18:10:58",35.6746,139.766,"イタリアン"
164,0,"東京都中央区銀座1-5-10 銀座ファーストファイブビル ９Ｆ・１０Ｆ・ＲＦ",NULL,1,"2016-10-28 17:22:27","2016-11-04 18:18:35",35.6746,139.767,"イタリアン"
165,0,"東京都中央区銀座1-2-3 東京高速道路下・中央通り側 ２F",NULL,1,"2016-10-28 17:22:38","2016-11-04 18:26:22",35.6721,139.771,"魚介料理・海鮮料理"
166,0,"東京都千代田区丸の内1-9-1 東京駅グランルーフ B1F",NULL,1,"2016-10-28 17:22:41","2016-11-04 18:29:32",35.6818,139.767,"ラーメン"
167,0,"東京都千代田区大手町1-5-5 OOTEMORI B2F",NULL,1,"2016-10-28 17:22:48","2016-10-28 17:22:48",35.6856,139.766,"韓国料理"
168,0,"東京都中央区八重洲1-8-9 八洲ビル A B1F",NULL,1,"2016-10-28 17:22:52","2016-11-04 18:32:43",35.6804,139.771,"イタリアン"
169,0,"東京都中央区日本橋3-2-16",NULL,1,"2016-10-28 17:23:01","2016-11-04 18:28:38",35.6806,139.771,"居酒屋"
170,0,"東京都千代田区大手町1-1-3 大手センタービル",NULL,1,"2016-10-28 17:23:07","2016-11-04 18:26:09",35.686,139.763,"ステーキ"
171,0,"東京都千代田区大手町2-5-13",NULL,1,"2016-10-28 17:23:11","2016-11-04 18:42:34",35.6861,139.769,"かに"
172,0,"東京都中央区日本橋3-8-16",NULL,1,"2016-10-28 17:23:18","2016-10-28 17:23:18",35.6802,139.773,"ワインバー"
173,0,"東京都中央区八重洲1-7-17 八重洲ロータリービル B1F",NULL,1,"2016-10-28 17:23:23","2016-11-04 18:36:07",35.6811,139.77,"居酒屋"
174,0,"東京都中央区八重洲1-6-1 八重洲第三パークビル 3F",NULL,1,"2016-10-28 17:23:27","2016-11-04 18:26:38",35.6816,139.77,"バー"
175,0,"東京都中央区日本橋3-2-16 マスヤビル B1F",NULL,1,"2016-10-28 17:23:30","2016-11-04 18:48:18",35.6806,139.771,"割烹・小料理"
176,0,"東京都中央区八重洲2-5-12 プレリー八重洲ビル 1F",NULL,1,"2016-10-28 17:23:43","2016-11-04 18:19:00",35.6779,139.769,"バル・バール"
177,0,"東京都千代田区丸の内1-4-1 丸の内永楽ビルディング 2F",NULL,1,"2016-10-28 17:23:46","2016-11-04 18:43:55",35.6843,139.765,"ビアホール・ビアレストラン"
178,0,"東京都千代田区丸の内3-1-1 帝劇ビル Ｂ１Ｆ",NULL,1,"2016-10-28 17:23:49","2016-11-04 18:20:36",35.6767,139.761,"和食（その他）"
179,0,"東京都千代田区丸の内1-4-1 丸の内永楽ビルディング B1F（ iiyo!!）",NULL,1,"2016-10-28 17:23:55","2016-11-04 18:24:53",35.6845,139.765,"バル・バール"
180,0,"東京都中央区八重洲1-9-9 東京建物ビル １Ｆ・Ｂ１Ｆ",NULL,1,"2016-10-28 17:24:07","2016-11-04 18:31:52",35.6803,139.77,"イタリアン"
181,0,"東京都中央区京橋3-4-2 中条ビル １Ｆ",NULL,1,"2016-10-28 17:24:13","2016-10-28 17:24:13",35.6762,139.771,"寿司"
182,0,"東京都千代田区丸の内1-4-1 丸の内永楽ビルディング iiyo1F",NULL,1,"2016-10-28 17:24:19","2016-11-04 18:44:31",35.6845,139.765,"カフェ"
183,0,"東京都千代田区丸の内1-7-12 サピアタワー ３Ｆ",NULL,1,"2016-10-28 17:24:22","2016-11-04 18:40:33",35.6838,139.768,"イタリアン"
184,0,"東京都中央区八重洲1-6-1 第三パークビル2F",NULL,1,"2016-10-28 17:24:30","2016-11-04 18:27:19",35.6816,139.77,"ダイニングバー"
185,0,"東京都千代田区丸の内2-5-2 三菱ビル B1F",NULL,1,"2016-10-28 17:24:33","2016-11-04 18:19:48",35.68,139.764,"居酒屋"
186,0,"東京都千代田区丸の内1-5-1 新丸の内ビルディング 6F",NULL,1,"2016-10-28 17:24:38","2016-11-04 18:29:04",35.6773,139.765,"四川料理"
187,0,"東京都中央区銀座2-4-18 アルボーレ銀座６F",NULL,1,"2016-10-28 17:24:40","2016-11-04 18:22:06",35.6742,139.767,"イタリアン"
188,0,"東京都千代田区丸の内2-7-3 東京ビルTOKIA 3F",NULL,1,"2016-10-28 17:24:44","2016-11-04 18:25:33",35.6786,139.765,"自然食"
189,0,"東京都千代田区丸の内2-6-1 丸の内ブリックスクエア B1F",NULL,1,"2016-10-28 17:24:49","2016-11-04 18:40:01",35.6773,139.765,"焼肉"
190,0,"東京都中央区八重洲2-1-4 蘭免んビル B1F",NULL,1,"2016-10-28 17:24:52","2016-11-04 18:42:55",35.6797,139.77,"バル・バール"
191,0,"東京都中央区日本橋3-2-16 マスヤビル 6F",NULL,1,"2016-10-28 17:25:13","2016-11-04 18:40:55",35.6806,139.771,"居酒屋"
192,0,"東京都中央区日本橋2-3-19 八木下ビル B1F",NULL,1,"2016-10-28 17:25:25","2016-11-04 18:49:10",35.6814,139.772,"バー"
193,0,"東京都中央区八重洲1-4-16 東京建物八重洲ビル B2F",NULL,1,"2016-10-28 17:25:30","2016-11-04 18:26:05",35.6823,139.771,"居酒屋"
194,0,"東京都中央区銀座1-4-8",NULL,1,"2016-10-28 17:25:36","2016-11-04 18:29:14",35.6748,139.767,"イタリアン"
195,0,"東京都中央区銀座西3-1 銀座インズ1 2F",NULL,1,"2016-10-28 17:25:44","2016-11-04 18:46:27",35.6753,139.767,"居酒屋"
196,0,"東京都中央区京橋3-3-11 京橋サウス １Ｆ",NULL,1,"2016-10-28 17:25:54","2016-11-04 18:27:30",35.6756,139.768,"イタリアン"
197,0,"東京都中央区日本橋3-7-7 小村ビル 5F",NULL,0,"2016-10-28 17:26:00","2016-11-04 18:36:26",35.6797,139.773,"焼鳥"
198,0,"東京都中央区八重洲1-3-7 ファーストフィナンシャルビルB1",NULL,0,"2016-10-28 17:26:06","2016-11-04 18:50:29",35.6829,139.772,"居酒屋"
199,0,"東京都千代田区大手町1-9-7 大手町フィナンシャルシティ サウスタワー 1Ｆ",NULL,1,"2016-10-28 17:26:12","2016-11-04 18:45:59",35.6876,139.766,"イタリアン"
200,0,"東京都千代田区丸の内1-1-3 日本生命丸の内ガーデンタワー 2F",NULL,1,"2016-10-28 17:26:18","2016-11-04 18:45:26",35.6845,139.763,"タイ料理"
201,0,"東京都千代田区大手町1-5-1 大手町ファーストクスエア 1F",NULL,1,"2016-10-28 17:26:23","2016-10-28 17:26:23",35.6859,139.764,"ピザ"
203,16,NULL,NULL,1,"2016-10-28 18:20:07","2016-10-28 18:20:07",34.7248,135.237,"スペイン料理"
204,16,NULL,NULL,0,"2016-10-28 18:20:16","2016-10-28 18:20:16",34.724,135.238,"中華料理"
205,16,NULL,NULL,1,"2016-10-29 15:12:44","2016-10-29 15:12:44",34.7169,135.241,"ダイニングバー"
210,20,NULL,NULL,0,"2016-10-29 23:49:08","2016-10-29 23:49:08",34.7192,135.245,"その他"
211,20,NULL,NULL,1,"2016-10-30 14:38:17","2016-10-30 14:38:17",34.7189,135.243,"割烹・小料理"
212,20,NULL,NULL,1,"2016-10-30 14:40:19","2016-10-30 14:40:19",0,0,"その他"
213,20,NULL,NULL,1,"2016-10-30 14:41:25","2016-10-30 14:41:25",0,0,"その他"
214,20,NULL,NULL,1,"2016-10-30 14:41:43","2016-10-30 14:41:43",0,0,"ダイニングバー"
215,0,"東京都中央区銀座1-8-19 KIRARITO GINZA 7F",NULL,1,"2016-11-04 18:08:29","2016-11-04 18:08:29",35.6743,139.769,"焼肉"
216,0,"東京都中央区八重洲2-1 八重洲地下街 外堀地下2番通り",NULL,1,"2016-11-04 18:09:08","2016-11-04 18:09:08",35.6799,139.77,"居酒屋"
217,0,"東京都中央区銀座2-2-14 マロニエゲート 11F",NULL,1,"2016-11-04 18:09:38","2016-11-04 18:49:15",35.6744,139.765,"東南アジア料理（その他）"
218,0,"東京都千代田区丸の内1-8-3 丸の内トラストタワー本館 ２Ｆ",NULL,1,"2016-11-04 18:11:59","2016-11-04 18:15:19",35.6824,139.769,"イタリアン"
219,0,"東京都千代田区丸の内1-9-1 グランルーフ B1F",NULL,1,"2016-11-04 18:12:55","2016-11-04 18:47:30",35.6818,139.767,"居酒屋"
220,0,"東京都千代田区丸の内1-8-1 丸の内トラストタワーN館 1F",NULL,1,"2016-11-04 18:13:02","2016-11-04 18:13:02",35.6832,139.77,"ビアホール・ビアレストラン"
221,0,"東京都中央区京橋3-1 東京スクエアガーデン 1F",NULL,1,"2016-11-04 18:14:31","2016-11-04 18:14:31",35.676,139.769,"イタリアン"
222,0,"東京都中央区八重洲1-3-7 八重洲ファーストフィナンシャルビル B1F",NULL,1,"2016-11-04 18:14:52","2016-11-04 18:14:52",35.6829,139.772,"焼肉"
223,0,"東京都中央区銀座2-5-19 PUZZLE銀座 6F",NULL,1,"2016-11-04 18:16:11","2016-11-04 18:16:11",35.6721,139.771,"焼肉"
224,0,"東京都千代田区丸の内1-11-1 パシフィック・センチュリー・プレイス丸の内 Ｂ１Ｆ",NULL,0,"2016-11-04 18:18:13","2016-11-04 18:18:13",35.6781,139.767,"タイ料理"
225,0,"東京都中央区日本橋1-6-1 コレド日本橋ＡＮＮＥＸ",NULL,1,"2016-11-04 18:19:05","2016-11-04 18:19:05",35.683,139.775,"スペイン料理"
226,0,"東京都中央区八重洲1-7-13 大竹ビル第６ビル４Ｆ",NULL,0,"2016-11-04 18:19:12","2016-11-04 18:19:12",35.6808,139.77,"居酒屋"
227,0,"東京都中央区京橋3-7-1 京橋相互館110タワー Ｂ1Ｆ",NULL,1,"2016-11-04 18:19:18","2016-11-04 18:19:18",35.6757,139.77,"レストラン（その他）"
228,0,"東京都中央区八重洲1-7-13 大竹ビル第6ビル2Ｆ",NULL,0,"2016-11-04 18:19:23","2016-11-04 18:19:23",35.6808,139.77,"居酒屋"
229,0,"東京都中央区日本橋3-3-15 日本橋Ｋ１ビル １Ｆ",NULL,1,"2016-11-04 18:19:37","2016-11-04 18:19:37",35.6802,139.771,"居酒屋"
230,0,"東京都中央区八重洲2-1-4 松勇八重洲 B1F",NULL,1,"2016-11-04 18:20:05","2016-11-04 18:20:05",35.6817,139.77,"居酒屋"
231,0,"東京都中央区八重洲1-4-5 梅澤ビル",NULL,0,"2016-11-04 18:20:07","2016-11-04 18:20:07",35.6825,139.772,"餃子"
232,0,"東京都中央区八重洲1-7-13 大竹ビル第6ビル３Ｆ",NULL,0,"2016-11-04 18:20:15","2016-11-04 18:20:15",35.6808,139.77,"居酒屋"
233,0,"東京都中央区銀座2-4-18 アルボーレ銀座ビル 8F",NULL,1,"2016-11-04 18:20:21","2016-11-04 18:20:21",35.6743,139.767,"ダイニングバー"
234,0,"東京都千代田区丸の内1-6-2 新丸の内センタービル 3F",NULL,1,"2016-11-04 18:20:26","2016-11-04 18:20:26",35.6842,139.766,"居酒屋"
235,0,"東京都中央区八重洲1-7-7 吉川ビル5階",NULL,0,"2016-11-04 18:20:42","2016-11-04 18:21:07",35.6809,139.771,"居酒屋"
236,0,"東京都中央区京橋3-6-7 アパホテル銀座京橋 1F",NULL,0,"2016-11-04 18:21:00","2016-11-04 18:21:00",35.6752,139.771,"居酒屋"
237,0,"東京都中央区八丁堀2-1-9 川名第一ビル 1F",NULL,1,"2016-11-04 18:21:12","2016-11-04 18:21:12",35.6768,139.774,"ビストロ"
238,0,"東京都千代田区丸の内1-9-2 グラントウキョウサウスタワー B1F",NULL,1,"2016-11-04 18:21:18","2016-11-04 18:21:18",35.6786,139.767,"居酒屋"
239,0,"東京都千代田区丸の内1-2-1 東京海上日動ビル 本館 1Ｆ",NULL,0,"2016-11-04 18:21:26","2016-11-04 18:48:03",35.6826,139.763,"ステーキ"
240,0,"東京都中央区日本橋2-2-20 日本橋仲通りビル ２Ｆ",NULL,1,"2016-11-04 18:21:30","2016-11-04 18:21:30",35.6821,139.772,"中華料理"
241,0,"東京都中央区八重洲2-5-9 八重洲共同ビル Ｂ１Ｆ",NULL,1,"2016-11-04 18:21:51","2016-11-04 18:50:05",35.6778,139.769,"居酒屋"
242,0,"東京都中央区銀座1-4-9 銀座オザミビル 8F・9F・10F",NULL,1,"2016-11-04 18:22:01","2016-11-04 18:22:01",35.6749,139.766,"フレンチ"
243,0,"東京都中央区銀座2-4-18 アルボーレ銀座ビル 9F",NULL,1,"2016-11-04 18:22:19","2016-11-04 18:22:19",35.6743,139.767,"カレー（その他）"
244,0,"東京都中央区日本橋2-3-4 日本橋プラザビル 2Ｆ",NULL,1,"2016-11-04 18:22:44","2016-11-04 18:22:44",35.6814,139.772,"居酒屋"
245,0,"東京都千代田区大手町1-9-5 大手町フィナンシャルシティ ノースタワー B1F",NULL,1,"2016-11-04 18:22:50","2016-11-04 18:22:50",35.6859,139.768,"居酒屋"
246,0,"東京都千代田区大手町1‐5‐5 大手町タワー B2F",NULL,0,"2016-11-04 18:23:01","2016-11-04 18:23:01",35.6859,139.768,"ビアバー"
247,0,"東京都中央区八丁堀2-1-9 第一カワナビル 地B1F",NULL,1,"2016-11-04 18:23:16","2016-11-04 18:23:16",35.6768,139.774,"魚介料理・海鮮料理"
248,0,"東京都中央区日本橋2-2-4 日本橋せっつビル1F",NULL,1,"2016-11-04 18:23:23","2016-11-04 18:45:46",35.6821,139.772,"居酒屋"
249,0,"東京都中央区日本橋1-1-1 国分ビル1F",NULL,1,"2016-11-04 18:23:38","2016-11-04 18:23:38",35.6838,139.774,"ダイニングバー"
250,0,"東京都中央区銀座1-5-10 銀座ファーストファイブビル 5Ｆ",NULL,1,"2016-11-04 18:24:00","2016-11-04 18:24:00",35.6746,139.767,"魚介料理・海鮮料理"
251,0,"東京都千代田区丸の内1-9-1 東京駅一番街 B1F",NULL,1,"2016-11-04 18:24:07","2016-11-04 18:24:07",35.6773,139.765,"焼鳥"
252,0,"東京都中央区八重洲1-7-10 今井ビル 2F",NULL,1,"2016-11-04 18:24:35","2016-11-04 18:24:35",35.6808,139.771,"居酒屋"
253,0,"東京都中央区京橋2-9-12 日本工築1号館 1F",NULL,1,"2016-11-04 18:25:05","2016-11-04 18:25:05",35.677,139.772,"スペイン料理"
254,0,"東京都中央区八重洲2-5-7 三興ビル1階",NULL,1,"2016-11-04 18:25:13","2016-11-04 18:25:13",35.6779,139.769,"バル・バール"
255,0,"東京都中央区銀座1-8-8 三神株式会社・ALビル1F",NULL,1,"2016-11-04 18:25:18","2016-11-04 18:25:18",35.674,139.768,"居酒屋"
256,0,"東京都中央区日本橋3-4-1 第二弥生ビル 6F",NULL,1,"2016-11-04 18:25:39","2016-11-04 18:25:39",35.6879,139.783,"魚介料理・海鮮料理"
257,0,"東京都中央区八重洲1-7-7 吉川ビル1F",NULL,1,"2016-11-04 18:25:53","2016-11-04 18:25:53",35.6809,139.771,"イタリアン"
258,0,"東京都中央区八重洲2-1 八重洲地下街 南１号",NULL,1,"2016-11-04 18:26:15","2016-11-04 18:26:15",35.6817,139.77,"魚介料理・海鮮料理"
259,0,"東京都中央区銀座1-7-7 ポーラ銀座ビル 2F",NULL,1,"2016-11-04 18:26:48","2016-11-04 18:26:48",35.6743,139.768,"和食（その他）"
260,0,"東京都千代田区丸の内2-7-2 JPタワー 5F",NULL,1,"2016-11-04 18:27:02","2016-11-04 18:27:02",35.6832,139.77,"すき焼き"
261,0,"東京都中央区日本橋3-3-3 八重洲小山ビル1F",NULL,1,"2016-11-04 18:27:09","2016-11-04 18:27:09",35.6803,139.771,"もつ鍋"
262,0,"東京都中央区日本橋2-2-5",NULL,1,"2016-11-04 18:27:27","2016-11-04 18:27:27",35.6821,139.773,"居酒屋"
263,0,"東京都中央区日本橋本石町3-2-5 マレ本石ビル 2F",NULL,1,"2016-11-04 18:27:52","2016-11-04 18:27:52",35.6875,139.771,"ビストロ"
264,0,"東京都中央区銀座1-2-3 Ｇ－Ｚｏｎｅ 銀座内",NULL,1,"2016-11-04 18:28:17","2016-11-04 18:28:17",35.6721,139.771,"ステーキ"
265,0,"東京都千代田区丸の内2-6-1 丸の内ブリックスクエア 3F",NULL,1,"2016-11-04 18:28:29","2016-11-04 18:48:50",35.6773,139.765,"バー"
266,0,"東京都千代田区丸の内2-7-2 JPタワー B1F",NULL,1,"2016-11-04 18:28:44","2016-11-04 18:46:14",35.6798,139.765,"沖縄料理"
267,0,"東京都中央区銀座1-5-15",NULL,1,"2016-11-04 18:28:49","2016-11-04 18:28:49",35.6749,139.767,"しゃぶしゃぶ"
268,0,"東京都千代田区大手町1-1-3 大手センタービル B1F",NULL,1,"2016-11-04 18:28:53","2016-11-04 18:28:53",35.6859,139.768,"居酒屋"
269,0,"東京都中央区銀座1-8-2",NULL,1,"2016-11-04 18:29:00","2016-11-04 18:29:00",35.6745,139.769,"居酒屋"
270,0,"東京都千代田区丸の内2-7-2 KITTE B1F",NULL,1,"2016-11-04 18:29:19","2016-11-04 18:29:19",35.6798,139.765,"鍋（その他）"
271,0,"東京都中央区日本橋3-13-11 油脂工業会館B1F",NULL,1,"2016-11-04 18:29:27","2016-11-04 18:29:27",35.6792,139.775,"洋食"
272,0,"東京都中央区日本橋3-8-16 ぶよおビル Ｂ１Ｆ",NULL,1,"2016-11-04 18:29:38","2016-11-04 18:50:46",35.6802,139.773,"ドイツ料理"
273,0,"東京都千代田区大手町1-6-1 大手町ビル B2F",NULL,1,"2016-11-04 18:29:45","2016-11-04 18:47:16",35.6863,139.764,"居酒屋"
274,0,"東京都中央区京橋3-1-1 東京スクエアガーデン 2F",NULL,1,"2016-11-04 18:29:54","2016-11-04 18:29:54",35.676,139.769,"居酒屋"
275,0,"東京都中央区銀座2-2-2 ヒューリック西銀座ビル 8Ｆ",NULL,1,"2016-11-04 18:30:12","2016-11-04 18:30:12",35.6749,139.766,"懐石・会席料理"
276,0,"東京都中央区京橋3-1 東京スクエアガーデン B1F",NULL,1,"2016-11-04 18:30:20","2016-11-04 18:45:17",35.6759,139.769,"串揚げ・串かつ"
277,0,"東京都中央区銀座2-2先 銀座インズ2-2F",NULL,1,"2016-11-04 18:30:39","2016-11-04 18:30:39",35.6721,139.771,"日本酒バー"
278,0,"東京都千代田区丸の内2-4-1 丸の内ビルディング 35F",NULL,1,"2016-11-04 18:30:44","2016-11-04 18:50:00",35.6839,139.767,"天ぷら"
279,0,"東京都千代田区丸の内1-9-1 東京ステーションホテル B1F",NULL,1,"2016-11-04 18:30:50","2016-11-04 18:30:50",35.6773,139.765,"広東料理"
280,0,"東京都中央区八重洲1-4-16 東京建物八重洲ビル B1F",NULL,0,"2016-11-04 18:31:01","2016-11-04 18:31:01",35.6823,139.771,"立ち食い寿司"
281,0,"東京都千代田区大手町1-9-7 大手町フィナンシャルシティ サウスタワー B1F",NULL,1,"2016-11-04 18:31:12","2016-11-04 18:31:12",35.6877,139.766,"イタリアン"
282,0,"東京都中央区八重洲1-7-10 今井ビル Ｂ１Ｆ",NULL,1,"2016-11-04 18:31:18","2016-11-04 18:31:18",35.6807,139.771,"居酒屋"
283,0,"東京都千代田区丸の内1-3-2 三井住友銀行ビル東館 B1F",NULL,1,"2016-11-04 18:31:22","2016-11-04 18:31:22",35.6847,139.764,"カフェ"
284,0,"東京都千代田区丸の内1-2-1 東京海上日動ビル 新館B1F",NULL,1,"2016-11-04 18:31:25","2016-11-04 18:31:25",35.6831,139.763,"居酒屋"
285,0,"東京都中央区日本橋室町2-1-1 日本橋三井タワー B1F",NULL,1,"2016-11-04 18:31:36","2016-11-04 18:38:30",35.6854,139.775,"シンガポール料理"
286,0,"東京都中央区日本橋3-8-9 日本橋ホリビル B1F",NULL,1,"2016-11-04 18:32:04","2016-11-04 18:47:05",35.6804,139.772,"焼肉"
287,0,"東京都中央区日本橋3-1-14",NULL,1,"2016-11-04 18:32:14","2016-11-04 18:46:58",35.6807,139.772,"居酒屋"
288,0,"東京都中央区八重洲2-5-12 プレリービル B1F",NULL,1,"2016-11-04 18:32:37","2016-11-04 18:32:37",35.6778,139.769,"インドカレー"
289,0,"東京都千代田区丸の内1-8-3 丸の内トラストタワー本館 シャングリ・ラ・ホテル 28F",NULL,1,"2016-11-04 18:32:50","2016-11-04 18:32:50",35.6773,139.765,"イタリアン"
290,0,"東京都中央区八重洲1-5-21 野田ビル Ｂ１Ｆ",NULL,1,"2016-11-04 18:33:07","2016-11-04 18:33:07",35.6818,139.771,"沖縄料理"
291,0,"東京都千代田区丸の内1-5-1 新丸の内ビルディング B1F",NULL,1,"2016-11-04 18:33:13","2016-11-04 18:33:13",35.6773,139.765,"イタリアン"
292,0,"東京都中央区八重洲1-5-10 ＲＩＳＭ八重洲ビル 3Ｆ～5F",NULL,1,"2016-11-04 18:33:20","2016-11-04 18:49:33",35.6817,139.771,"鉄板焼き"
293,0,"東京都中央区八重洲2-4-10 第一幸田ビルB1F",NULL,1,"2016-11-04 18:33:38","2016-11-04 18:33:38",35.6782,139.769,"中華料理"
294,0,"東京都中央区銀座2-4-18 アルボーレ銀座 ７F",NULL,1,"2016-11-04 18:33:47","2016-11-04 18:33:47",35.6742,139.767,"バイキング"
295,0,"東京都中央区日本橋2-2-4 B1F",NULL,1,"2016-11-04 18:34:05","2016-11-04 18:34:05",35.6804,139.772,"居酒屋"
296,0,"東京都千代田区丸の内1-11-1 パシフィックセンチュリープレイス フォーシーズンズホテル丸の内 東京 7F",NULL,0,"2016-11-04 18:34:14","2016-11-04 18:34:14",35.6781,139.767,"フレンチ"
297,0,"東京都千代田区有楽町1-11-1 ビックカメラ有楽町店 ６Ｆ",NULL,1,"2016-11-04 18:35:32","2016-11-04 18:35:32",35.6756,139.763,"居酒屋"
298,0,"東京都中央区日本橋2-3-18 江間忠さくらビル 4F",NULL,1,"2016-11-04 18:35:41","2016-11-04 18:48:36",35.6813,139.772,"居酒屋"
299,0,"東京都中央区日本橋2-1-16 サポーレ日本橋 1・2F",NULL,1,"2016-11-04 18:35:48","2016-11-04 18:49:27",35.6804,139.772,"居酒屋"
300,0,"東京都千代田区丸の内2-6-1 丸の内ブリックスクエア 2F",NULL,1,"2016-11-04 18:36:00","2016-11-04 18:36:00",35.6773,139.765,"懐石・会席料理"
301,0,"東京都千代田区丸の内2-7-2 JPタワー KITTE 1F",NULL,1,"2016-11-04 18:36:15","2016-11-04 18:49:53",35.6798,139.765,"バー"
302,0,"東京都千代田区丸の内1-1-3 日本生命丸の内ガーデンタワー",NULL,1,"2016-11-04 18:36:52","2016-11-04 18:36:52",35.6845,139.763,"ダイニングバー"
303,0,"東京都中央区京橋2-6-16 エターナルビル2F",NULL,1,"2016-11-04 18:37:03","2016-11-04 18:46:41",35.6765,139.771,"居酒屋"
304,0,"東京都中央区銀座1-7-16 扶桑ビル B1F",NULL,0,"2016-11-04 18:37:11","2016-11-04 18:46:21",35.6745,139.768,"居酒屋"
305,0,"東京都中央区八重洲1-8-9 B1Ｆ",NULL,1,"2016-11-04 18:37:31","2016-11-04 18:37:31",35.6817,139.77,"イタリアン"
306,0,"東京都千代田区丸の内1-6-1 丸の内センタービル B1F",NULL,1,"2016-11-04 18:37:39","2016-11-04 18:38:53",35.6773,139.765,"餃子"
307,0,"東京都中央区八重洲1-7-10 今井ビル 7F",NULL,0,"2016-11-04 18:37:46","2016-11-04 18:51:22",35.6808,139.771,"居酒屋"
308,0,"東京都中央区銀座1-6-5 ランデック第２銀座ビル Ｂ１Ｆ",NULL,1,"2016-11-04 18:37:58","2016-11-04 18:50:11",35.6747,139.768,"居酒屋"
309,0,"東京都中央区八重洲1-7-12 第2ロータリービル 1F",NULL,1,"2016-11-04 18:38:08","2016-11-04 18:38:08",35.6811,139.77,"イタリアン"
310,0,"東京都中央区京橋2-7-19 京橋イーストビル B1F",NULL,1,"2016-11-04 18:38:22","2016-11-04 18:38:22",35.6762,139.771,"しゃぶしゃぶ"
311,0,"東京都中央区日本橋3-3-3 八重洲山川ビル 3Ｆ",NULL,1,"2016-11-04 18:38:38","2016-11-04 18:38:38",35.6802,139.771,"居酒屋"
312,0,"東京都中央区日本橋1-2-2 親和ビル1F",NULL,1,"2016-11-04 18:39:02","2016-11-04 18:39:02",35.6837,139.773,"かに"
313,0,"東京都千代田区丸の内3-1-1 国際ビル 1F",NULL,1,"2016-11-04 18:39:12","2016-11-04 18:39:12",35.6767,139.761,"ワインバー"
314,0,"東京都中央区京橋3-3-13 平和ビル3号館 B1",NULL,1,"2016-11-04 18:39:32","2016-11-04 18:39:32",35.6756,139.768,"居酒屋"
315,0,"東京都中央区京橋1-1-9 レオ八重洲ビル B1F",NULL,1,"2016-11-04 18:39:40","2016-11-04 18:39:40",35.6791,139.771,"野菜料理"
316,0,"東京都中央区銀座2-4-18 アルボーレ銀座8F",NULL,1,"2016-11-04 18:39:55","2016-11-04 18:39:55",35.6742,139.767,"焼肉"
317,0,"東京都中央区日本橋2-3-18 江間忠さくらビル ３Ｆ",NULL,1,"2016-11-04 18:40:22","2016-11-04 18:40:22",35.6813,139.772,"居酒屋"
318,0,"東京都千代田区丸の内1-5-1 新丸の内ビルディング 7F",NULL,1,"2016-11-04 18:40:45","2016-11-04 18:43:49",35.6773,139.765,"洋食"
319,0,"東京都千代田区丸の内1-9-1 東京駅 改札外 B1F 黒塀横丁",NULL,1,"2016-11-04 18:41:01","2016-11-04 18:41:01",35.6836,139.768,"韓国料理"
320,0,"東京都中央区京橋3-9-6 GM-3ビル 1F",NULL,1,"2016-11-04 18:41:06","2016-11-04 18:41:06",35.6748,139.771,"バル・バール"
321,0,"東京都千代田区丸の内2-6-1 丸の内ブリックスクエア",NULL,1,"2016-11-04 18:41:25","2016-11-04 18:41:25",35.6773,139.765,"フレンチ"
322,0,"東京都千代田区大手町2-5-11 JR高架下 1F",NULL,1,"2016-11-04 18:41:34","2016-11-04 18:42:50",35.6858,139.768,"居酒屋"
323,0,"東京都中央区日本橋室町1-3-10 日本橋三越本店 新館 9Ｆ",NULL,0,"2016-11-04 18:41:52","2016-11-04 18:41:52",35.685,139.774,"洋食"
324,0,"東京都中央区銀座1-9-5 ホテルユニゾ銀座一丁目1F",NULL,0,"2016-11-04 18:42:04","2016-11-04 18:43:06",35.6742,139.769,"地中海料理"
325,0,"東京都千代田区丸の内3-1-1 国際ビル Ｂ１Ｆ",NULL,1,"2016-11-04 18:42:10","2016-11-04 18:42:10",35.6767,139.761,"中華料理"
326,0,"東京都千代田区大手町2-1-1 大手町野村ビル B1F",NULL,1,"2016-11-04 18:42:45","2016-11-04 18:42:45",35.6853,139.766,"イタリアン"
327,0,"東京都千代田区丸の内3-1-1 国際ビル B1F KUNIGIW内",NULL,1,"2016-11-04 18:43:00","2016-11-04 18:43:00",35.6767,139.761,"トルコ料理"
328,0,"東京都千代田区丸の内2-6-1 丸の内ブリックスクエア Ｆ",NULL,0,"2016-11-04 18:43:14","2016-11-04 18:43:14",35.6773,139.765,"イタリアン"
329,0,"東京都中央区八重洲2-11-7 一新ビル1F",NULL,0,"2016-11-04 18:44:19","2016-11-04 18:44:19",35.6756,139.768,"中華料理"
330,0,"東京都中央区日本橋3-2-17 日伸ビル2F",NULL,1,"2016-11-04 18:44:42","2016-11-04 18:44:42",35.6807,139.771,"居酒屋"
331,0,"東京都千代田区大手町1-7-2 東京サンケイビル B2Ｆ",NULL,1,"2016-11-04 18:44:57","2016-11-04 18:44:57",35.6872,139.765,"居酒屋"
332,0,"東京都中央区銀座2-3-18 銀座高孝ビル １F",NULL,1,"2016-11-04 18:45:36","2016-11-04 18:45:36",35.6746,139.766,"バー"
333,0,"東京都中央区京橋3-1-1 東京スクエアガーデン B1F",NULL,1,"2016-11-04 18:46:09","2016-11-04 18:46:09",35.6761,139.769,"ビストロ"
334,0,"東京都中央区日本橋3-8-14 日本橋ビル 1F",NULL,1,"2016-11-04 18:46:35","2016-11-04 18:46:35",35.6801,139.773,"居酒屋"
335,0,"東京都中央区銀座2-5-19 PUZZLE銀座 10F",NULL,1,"2016-11-04 18:47:11","2016-11-04 18:47:11",35.6721,139.771,"ブラジル料理"
336,0,"東京都中央区八重洲1-7-12 第2ロータリービル B1F",NULL,1,"2016-11-04 18:47:48","2016-11-04 18:47:48",35.6807,139.771,"居酒屋"
337,0,"東京都中央区銀座1-3-3 Ｇ１ビル Ｂ１Ｆ",NULL,1,"2016-11-04 18:48:08","2016-11-04 18:48:08",35.6754,139.766,"居酒屋"
338,0,"東京都中央区銀座1-4-6 ナスダビル2F",NULL,1,"2016-11-04 18:49:03","2016-11-04 18:49:03",35.6749,139.767,"居酒屋"
339,0,"東京都中央区銀座2-4-18 アルボーレ銀座 9F",NULL,1,"2016-11-04 18:49:41","2016-11-04 18:49:41",35.6742,139.767,"鍋（その他）"
340,0,"東京都中央区八丁堀 1-1-3 協栄八重洲ビル 1F",NULL,1,"2016-11-04 18:49:47","2016-11-04 18:49:47",35.6784,139.775,"焼肉"
341,0,"東京都中央区日本橋1-4-1 コレド日本橋 日本橋 4F",NULL,1,"2016-11-04 18:50:20","2016-11-04 18:50:20",35.6804,139.772,"京料理"
342,0,"東京都千代田区大手町1-7-2 東京サンケイビル 6Ｆ",NULL,1,"2016-11-04 18:50:41","2016-11-04 18:50:41",35.6869,139.765,"居酒屋"
343,0,"東京都中央区京橋3-6-3",NULL,1,"2016-11-04 18:50:50","2016-11-04 18:50:50",35.6755,139.77,"中華料理"
344,0,"東京都千代田区丸の内3-6-9",NULL,1,"2016-11-04 18:51:05","2016-11-04 18:51:05",35.6773,139.765,"居酒屋"
345,0,"東京都中央区銀座1-8-19 キラリトギンザ8F",NULL,1,"2016-11-04 18:51:15","2016-11-04 18:51:15",35.6743,139.769,"スペイン料理"
346,0,"東京都中央区京橋2-2-27 京橋エドグラン B1F",NULL,1,"2016-11-04 18:51:54","2016-11-04 18:51:54",35.6762,139.771,"イタリアン"
347,0,"東京都中央区京橋1-2-5 京橋ＴＤビル１Ｆ",NULL,1,"2016-11-04 18:52:05","2016-11-04 18:52:05",35.6789,139.771,"懐石・会席料理"
